Date,Age,Infection-Vaccinated,Vaccinated without Validity,Infection-Not Vaccinated,"Infection-Vaccinated per 100,000 residents","Vaccinated without Validity per 100,000 residents","Infection-Not Vaccinated per 100,000 residents"
17-01-2021,מתחת לגיל 60,1,0,4436,6.4,0,66.6
17-01-2021,מעל גיל 60,0,0,243,0,0,51.4
17-01-2021,כלל האוכלוסיה,1,0,4715,3.9,0,66.1
18-01-2021,מעל גיל 60,4,0,346,19.8,0,74.2
18-01-2021,מתחת לגיל 60,2,0,8288,7.9,0,125.7
18-01-2021,כלל האוכלוסיה,6,0,8715,13.2,0,123.5
19-01-2021,מעל גיל 60,2,0,320,4.6,0,69.7
19-01-2021,מתחת לגיל 60,7,0,6955,18.3,0,106.5
19-01-2021,כלל האוכלוסיה,9,0,7330,11,0,104.9
20-01-2021,מעל גיל 60,9,0,323,10.6,0,71.3
20-01-2021,מתחת לגיל 60,9,0,6784,16.4,0,105.1
20-01-2021,כלל האוכלוסיה,18,0,7157,12.9,0,103.6
21-01-2021,מתחת לגיל 60,15,0,5916,20.7,0,92.5
21-01-2021,כלל האוכלוסיה,23,0,6264,11,0,91.6
21-01-2021,מעל גיל 60,8,0,301,5.8,0,67.4
22-01-2021,כלל האוכלוסיה,26,0,6315,10.5,0,92.8
22-01-2021,מתחת לגיל 60,7,0,6029,8.7,0,94.8
22-01-2021,מעל גיל 60,18,0,255,10.8,0,57.6
23-01-2021,כלל האוכלוסיה,12,0,2010,4.4,0,29.7
23-01-2021,מעל גיל 60,7,0,123,3.7,0,28
23-01-2021,מתחת לגיל 60,5,0,1870,5.9,0,29.6
24-01-2021,מעל גיל 60,21,0,196,8.3,0,45.2
24-01-2021,כלל האוכלוסיה,30,0,4092,8.3,0,61.1
24-01-2021,מתחת לגיל 60,9,0,3859,8.4,0,61.6
25-01-2021,מתחת לגיל 60,23,0,7027,15.6,0,113.6
25-01-2021,מעל גיל 60,50,0,322,15,0,75.5
25-01-2021,כלל האוכלוסיה,73,0,7389,15.2,0,111.7
26-01-2021,מעל גיל 60,66,0,299,15.6,0,71.2
26-01-2021,מתחת לגיל 60,29,0,6263,14.9,0,102.4
26-01-2021,כלל האוכלוסיה,95,0,6611,15.4,0,101.2
27-01-2021,כלל האוכלוסיה,120,0,6450,15.7,0,99.9
27-01-2021,מתחת לגיל 60,42,0,6097,16.8,0,100.9
27-01-2021,מעל גיל 60,78,0,262,15.2,0,63.3
28-01-2021,מעל גיל 60,119,0,278,19.7,0,68
28-01-2021,מתחת לגיל 60,55,0,5560,17.1,0,93.2
28-01-2021,כלל האוכלוסיה,174,0,5879,18.8,0,92.2
29-01-2021,מעל גיל 60,92,0,205,14.3,0,50.4
29-01-2021,מתחת לגיל 60,38,0,5335,10.7,0,89.9
29-01-2021,כלל האוכלוסיה,130,0,5571,13,0,87.9
30-01-2021,מעל גיל 60,26,0,113,3.9,0,27.9
30-01-2021,מתחת לגיל 60,11,0,2015,2.9,0,34.1
30-01-2021,כלל האוכלוסיה,37,0,2143,3.5,0,34
31-01-2021,כלל האוכלוסיה,105,0,4121,8.8,0,66.1
31-01-2021,מתחת לגיל 60,46,0,3940,10.3,0,67.5
31-01-2021,מעל גיל 60,59,0,158,7.9,0,39.5
01-02-2021,כלל האוכלוסיה,218,0,7266,16.4,0,118.1
01-02-2021,מתחת לגיל 60,86,0,6940,16.5,0,120.5
01-02-2021,מעל גיל 60,130,0,287,16.1,0,72.9
02-02-2021,כלל האוכלוסיה,227,0,6536,15.6,0,107.5
02-02-2021,מעל גיל 60,132,0,287,15.2,0,73.9
02-02-2021,מתחת לגיל 60,95,0,6209,16.1,0,109.1
03-02-2021,מעל גיל 60,91,0,232,9.8,0,60.6
03-02-2021,כלל האוכלוסיה,177,0,6072,11.2,0,100.9
03-02-2021,מתחת לגיל 60,86,0,5779,13.1,0,102.5
04-02-2021,כלל האוכלוסיה,197,0,5988,11.5,0,100.7
04-02-2021,מתחת לגיל 60,77,0,5690,10.5,0,102.2
04-02-2021,מעל גיל 60,120,0,252,12.2,0,66.5
05-02-2021,מעל גיל 60,91,0,242,9.1,0,64.2
05-02-2021,כלל האוכלוסיה,169,0,5359,9.5,0,90.6
05-02-2021,מתחת לגיל 60,77,0,5086,9.9,0,91.8
06-02-2021,מתחת לגיל 60,34,0,2003,4.2,0,36.3
06-02-2021,כלל האוכלוסיה,68,0,2146,3.7,0,36.4
06-02-2021,מעל גיל 60,34,0,133,3.3,0,35.4
07-02-2021,מתחת לגיל 60,67,0,3462,7.9,0,63.3
07-02-2021,מעל גיל 60,69,0,158,6.6,0,42.5
07-02-2021,כלל האוכלוסיה,138,0,3632,7.3,0,62.2
08-02-2021,כלל האוכלוסיה,176,0,6486,9.2,0,112.2
08-02-2021,מתחת לגיל 60,69,0,6167,7.9,0,113.9
08-02-2021,מעל גיל 60,107,0,286,10.2,0,77.7
09-02-2021,מתחת לגיל 60,66,0,4800,7.4,0,89.7
09-02-2021,מעל גיל 60,81,0,241,7.7,0,66.3
09-02-2021,כלל האוכלוסיה,148,0,5074,7.6,0,88.8
10-02-2021,כלל האוכלוסיה,111,0,4719,5.5,0,83.6
10-02-2021,מעל גיל 60,56,0,213,5.2,0,59.4
10-02-2021,מתחת לגיל 60,55,0,4469,5.9,0,84.6
11-02-2021,כלל האוכלוסיה,93,0,4229,4.5,0,76
11-02-2021,מעל גיל 60,47,0,206,4.4,0,58.3
11-02-2021,מתחת לגיל 60,46,0,3996,4.7,0,76.7
12-02-2021,כלל האוכלוסיה,91,0,3874,4.3,0,70.1
12-02-2021,מעל גיל 60,40,0,180,3.7,0,51.3
12-02-2021,מתחת לגיל 60,51,0,3667,5.1,0,70.9
13-02-2021,מתחת לגיל 60,14,0,1496,1.4,0,29.1
13-02-2021,מעל גיל 60,15,0,72,1.4,0,20.6
13-02-2021,כלל האוכלוסיה,29,0,1579,1.4,0,28.7
14-02-2021,מעל גיל 60,34,0,128,3.1,0,37.3
14-02-2021,כלל האוכלוסיה,70,0,2827,3.2,0,52.1
14-02-2021,מתחת לגיל 60,35,0,2680,3.2,0,52.8
15-02-2021,מעל גיל 60,33,0,213,3,0,63.2
15-02-2021,כלל האוכלוסיה,99,0,4347,4.4,0,81.4
15-02-2021,מתחת לגיל 60,66,0,4107,5.7,0,82.1
16-02-2021,מעל גיל 60,43,0,166,3.9,0,50.2
16-02-2021,כלל האוכלוסיה,81,0,3785,3.5,0,72
16-02-2021,מתחת לגיל 60,38,0,3592,3.1,0,72.9
17-02-2021,מעל גיל 60,41,0,151,3.7,0,46.2
17-02-2021,מתחת לגיל 60,59,0,3221,4.6,0,66.2
17-02-2021,כלל האוכלוסיה,100,0,3410,4.2,0,65.6
18-02-2021,מעל גיל 60,36,0,112,3.2,0,34.7
18-02-2021,מתחת לגיל 60,39,0,2589,2.9,0,53.9
18-02-2021,כלל האוכלוסיה,75,0,2741,3,0,53.5
19-02-2021,מתחת לגיל 60,46,0,2917,3.3,0,61.2
19-02-2021,מעל גיל 60,29,0,143,2.6,0,44.7
19-02-2021,כלל האוכלוסיה,75,0,3083,3,0,60.6
20-02-2021,מעל גיל 60,14,0,47,1.2,0,14.8
20-02-2021,מתחת לגיל 60,11,0,960,0.8,0,20.3
20-02-2021,כלל האוכלוסיה,25,0,1014,1,0,20.1
21-02-2021,כלל האוכלוסיה,76,0,2443,2.9,0,49.1
21-02-2021,מתחת לגיל 60,53,0,2299,3.6,0,49.3
21-02-2021,מעל גיל 60,23,0,131,2,0,42
22-02-2021,מתחת לגיל 60,64,0,3692,4.2,0,80.5
22-02-2021,מעל גיל 60,47,0,187,4.1,0,61.4
22-02-2021,כלל האוכלוסיה,111,0,3917,4.1,0,80.1
23-02-2021,מתחת לגיל 60,70,0,3328,4.3,0,73.7
23-02-2021,מעל גיל 60,37,0,167,3.2,0,56
23-02-2021,כלל האוכלוסיה,107,0,3521,3.9,0,73.1
24-02-2021,כלל האוכלוסיה,108,0,3434,3.8,0,72.3
24-02-2021,מעל גיל 60,46,0,140,4,0,47.8
24-02-2021,מתחת לגיל 60,62,0,3261,3.7,0,73.1
25-02-2021,כלל האוכלוסיה,103,0,2942,3.5,0,62.6
25-02-2021,מתחת לגיל 60,71,0,2782,4,0,63
25-02-2021,מעל גיל 60,32,0,137,2.8,0,47.5
26-02-2021,מתחת לגיל 60,67,0,2775,3.7,0,63.2
26-02-2021,כלל האוכלוסיה,94,0,2914,3.2,0,62.3
26-02-2021,מעל גיל 60,27,0,118,2.3,0,41.2
27-02-2021,מעל גיל 60,27,0,40,2.3,0,14
27-02-2021,כלל האוכלוסיה,59,0,1065,2,0,22.9
27-02-2021,מתחת לגיל 60,32,0,1010,1.8,0,23.1
28-02-2021,מעל גיל 60,30,0,101,2.6,0,36
28-02-2021,מתחת לגיל 60,75,0,2115,4,0,48.8
28-02-2021,כלל האוכלוסיה,105,0,2229,3.4,0,48.3
01-03-2021,כלל האוכלוסיה,137,0,3722,4.4,0,81.4
01-03-2021,מעל גיל 60,49,0,156,4.2,0,56.5
01-03-2021,מתחת לגיל 60,88,0,3525,4.5,0,82.1
02-03-2021,כלל האוכלוסיה,140,0,3314,4.4,0,73.2
02-03-2021,מתחת לגיל 60,99,0,3139,4.9,0,73.7
02-03-2021,מעל גיל 60,41,0,133,3.5,0,49
03-03-2021,מתחת לגיל 60,97,0,3320,4.6,0,78.6
03-03-2021,מעל גיל 60,53,0,122,4.5,0,45.8
03-03-2021,כלל האוכלוסיה,150,0,3480,4.6,0,77.5
04-03-2021,מתחת לגיל 60,86,0,2648,4,0,63.2
04-03-2021,מעל גיל 60,55,0,86,4.6,0,32.9
04-03-2021,כלל האוכלוסיה,141,0,2750,4.2,0,61.8
05-03-2021,כלל האוכלוסיה,115,0,2881,3.4,0,65
05-03-2021,מתחת לגיל 60,71,0,2776,3.3,0,66.5
05-03-2021,מעל גיל 60,44,0,95,3.7,0,36.5
06-03-2021,כלל האוכלוסיה,83,0,1404,2.4,0,31.8
06-03-2021,מתחת לגיל 60,57,0,1334,2.6,0,32
06-03-2021,מעל גיל 60,26,0,64,2.2,0,24.7
07-03-2021,כלל האוכלוסיה,93,0,1762,2.7,0,40.1
07-03-2021,מתחת לגיל 60,67,0,1670,3,0,40.4
07-03-2021,מעל גיל 60,26,0,74,2.2,0,29
08-03-2021,מתחת לגיל 60,80,0,2788,3.4,0,67.8
08-03-2021,כלל האוכלוסיה,140,0,2934,4,0,67.2
08-03-2021,מעל גיל 60,60,0,113,5,0,44.9
09-03-2021,כלל האוכלוסיה,137,0,2432,3.8,0,56.1
09-03-2021,מתחת לגיל 60,90,0,2311,3.8,0,56.5
09-03-2021,מעל גיל 60,47,0,91,3.9,0,36.6
10-03-2021,מעל גיל 60,30,0,76,2.5,0,30.9
10-03-2021,כלל האוכלוסיה,132,0,2238,3.6,0,51.9
10-03-2021,מתחת לגיל 60,102,0,2143,4.2,0,52.7
11-03-2021,מתחת לגיל 60,82,0,1912,3.2,0,47.3
11-03-2021,כלל האוכלוסיה,124,0,2001,3.3,0,46.6
11-03-2021,מעל גיל 60,42,0,72,3.4,0,29.5
12-03-2021,מתחת לגיל 60,73,0,1804,2.8,0,44.7
12-03-2021,כלל האוכלוסיה,99,0,1910,2.6,0,44.6
12-03-2021,מעל גיל 60,26,0,86,2.1,0,35.4
13-03-2021,מתחת לגיל 60,27,0,583,1,0,14.5
13-03-2021,מעל גיל 60,12,0,28,1,0,11.6
13-03-2021,כלל האוכלוסיה,39,0,619,1,0,14.5
14-03-2021,כלל האוכלוסיה,72,0,1102,1.8,0,25.9
14-03-2021,מעל גיל 60,23,0,55,1.9,0,22.9
14-03-2021,מתחת לגיל 60,49,0,1040,1.8,0,25.9
15-03-2021,מתחת לגיל 60,68,0,1629,2.5,0,40.8
15-03-2021,מעל גיל 60,29,0,69,2.3,0,29
15-03-2021,כלל האוכלוסיה,97,0,1718,2.4,0,40.6
16-03-2021,מתחת לגיל 60,51,0,1194,1.8,0,30
16-03-2021,מעל גיל 60,18,0,69,1.4,0,29.2
16-03-2021,כלל האוכלוסיה,69,0,1275,1.7,0,30.3
17-03-2021,מעל גיל 60,25,0,60,2,0,25.6
17-03-2021,כלל האוכלוסיה,97,0,1222,2.3,0,29.1
17-03-2021,מתחת לגיל 60,71,0,1155,2.5,0,29.2
18-03-2021,מעל גיל 60,22,0,48,1.7,0,20.7
18-03-2021,מתחת לגיל 60,45,0,948,1.5,0,24
18-03-2021,כלל האוכלוסיה,67,0,1009,1.6,0,24.1
19-03-2021,כלל האוכלוסיה,56,0,888,1.3,0,21.3
19-03-2021,מעל גיל 60,17,0,38,1.3,0,16.4
19-03-2021,מתחת לגיל 60,39,0,844,1.3,0,21.4
20-03-2021,כלל האוכלוסיה,23,0,280,0.5,0,6.7
20-03-2021,מעל גיל 60,10,0,33,0.8,0,14.3
20-03-2021,מתחת לגיל 60,13,0,242,0.4,0,6.1
21-03-2021,כלל האוכלוסיה,52,0,536,1.2,0,12.9
21-03-2021,מתחת לגיל 60,28,0,488,0.9,0,12.4
21-03-2021,מעל גיל 60,24,0,36,1.9,0,15.7
22-03-2021,מתחת לגיל 60,35,0,738,1.1,0,18.9
22-03-2021,כלל האוכלוסיה,59,0,805,1.3,0,19.4
22-03-2021,מעל גיל 60,24,0,46,1.9,0,20.2
23-03-2021,מתחת לגיל 60,35,0,538,1.1,0,13.8
23-03-2021,מעל גיל 60,9,0,34,0.7,0,14.9
23-03-2021,כלל האוכלוסיה,44,0,583,1,0,14.1
24-03-2021,מתחת לגיל 60,41,0,333,1.2,0,8.5
24-03-2021,מעל גיל 60,6,0,25,0.5,0,11
24-03-2021,כלל האוכלוסיה,47,0,381,1,0,9.2
25-03-2021,כלל האוכלוסיה,70,0,669,1.5,0,16.3
25-03-2021,מתחת לגיל 60,39,0,623,1.2,0,16
25-03-2021,מעל גיל 60,31,0,31,2.4,0,13.8
26-03-2021,מעל גיל 60,10,0,30,0.8,0,13.3
26-03-2021,כלל האוכלוסיה,27,0,451,0.6,0,11
26-03-2021,מתחת לגיל 60,17,0,415,0.5,0,10.7
27-03-2021,מתחת לגיל 60,7,0,177,0.2,0,4.6
27-03-2021,מעל גיל 60,5,0,15,0.4,0,6.7
27-03-2021,כלל האוכלוסיה,12,0,198,0.3,0,4.8
28-03-2021,מתחת לגיל 60,10,0,90,0.3,0,2.3
28-03-2021,מעל גיל 60,3,0,9,0.2,0,4
28-03-2021,כלל האוכלוסיה,13,0,103,0.3,0,2.5
29-03-2021,מתחת לגיל 60,28,0,255,0.8,0,6.6
29-03-2021,מעל גיל 60,10,0,24,0.8,0,10.7
29-03-2021,כלל האוכלוסיה,38,0,286,0.8,0,7
30-03-2021,מעל גיל 60,10,0,28,0.8,0,12.6
30-03-2021,כלל האוכלוסיה,32,0,368,0.7,0,9
30-03-2021,מתחת לגיל 60,22,0,331,0.6,0,8.5
31-03-2021,כלל האוכלוסיה,45,0,422,0.9,0,10.3
31-03-2021,מתחת לגיל 60,32,0,388,0.9,0,10
31-03-2021,מעל גיל 60,13,0,28,1,0,12.7
01-04-2021,מתחת לגיל 60,20,0,259,0.6,0,6.7
01-04-2021,מעל גיל 60,9,0,23,0.7,0,10.5
01-04-2021,כלל האוכלוסיה,29,0,288,0.6,0,7.1
02-04-2021,כלל האוכלוסיה,32,0,363,0.7,0,8.9
02-04-2021,מעל גיל 60,11,0,23,0.8,0,10.5
02-04-2021,מתחת לגיל 60,21,0,339,0.6,0,8.8
03-04-2021,מתחת לגיל 60,9,0,86,0.3,0,2.2
03-04-2021,כלל האוכלוסיה,10,0,100,0.2,0,2.5
03-04-2021,מעל גיל 60,1,0,10,0.1,0,4.6
04-04-2021,כלל האוכלוסיה,10,0,173,0.2,0,4.3
04-04-2021,מעל גיל 60,3,0,14,0.2,0,6.5
04-04-2021,מתחת לגיל 60,7,0,155,0.2,0,4
05-04-2021,כלל האוכלוסיה,35,0,330,0.7,0,8.1
05-04-2021,מתחת לגיל 60,22,0,307,0.6,0,8
05-04-2021,מעל גיל 60,13,0,17,1,0,7.9
06-04-2021,מתחת לגיל 60,17,0,223,0.5,0,5.8
06-04-2021,מעל גיל 60,18,0,23,1.4,0,10.8
06-04-2021,כלל האוכלוסיה,35,0,253,0.7,0,6.3
07-04-2021,מתחת לגיל 60,23,0,209,0.6,0,5.5
07-04-2021,כלל האוכלוסיה,29,0,230,0.6,0,5.7
07-04-2021,מעל גיל 60,6,0,14,0.5,0,6.6
08-04-2021,כלל האוכלוסיה,22,0,179,0.4,0,4.4
08-04-2021,מתחת לגיל 60,13,0,152,0.4,0,4
08-04-2021,מעל גיל 60,9,0,16,0.7,0,7.6
09-04-2021,מעל גיל 60,12,0,21,0.9,0,10
09-04-2021,מתחת לגיל 60,14,0,164,0.4,0,4.3
09-04-2021,כלל האוכלוסיה,26,0,190,0.5,0,4.7
10-04-2021,מעל גיל 60,12,0,9,0.9,0,4.3
10-04-2021,מתחת לגיל 60,8,0,52,0.2,0,1.4
10-04-2021,כלל האוכלוסיה,20,0,63,0.4,0,1.6
11-04-2021,כלל האוכלוסיה,20,0,113,0.4,0,2.8
11-04-2021,מתחת לגיל 60,17,0,95,0.5,0,2.5
11-04-2021,מעל גיל 60,3,0,15,0.2,0,7.2
12-04-2021,מתחת לגיל 60,13,0,167,0.4,0,4.4
12-04-2021,מעל גיל 60,8,0,13,0.6,0,6.2
12-04-2021,כלל האוכלוסיה,21,0,197,0.4,0,4.9
13-04-2021,מעל גיל 60,3,0,10,0.2,0,4.8
13-04-2021,מתחת לגיל 60,19,0,153,0.5,0,4
13-04-2021,כלל האוכלוסיה,22,0,170,0.4,0,4.3
14-04-2021,מתחת לגיל 60,17,0,153,0.5,0,4
14-04-2021,מעל גיל 60,5,0,10,0.4,0,4.8
14-04-2021,כלל האוכלוסיה,22,0,167,0.4,0,4.2
15-04-2021,מעל גיל 60,15,0,10,1.1,0,4.9
15-04-2021,מתחת לגיל 60,4,0,61,0.1,0,1.6
15-04-2021,כלל האוכלוסיה,19,0,74,0.4,0,1.9
16-04-2021,מתחת לגיל 60,11,0,81,0.3,0,2.1
16-04-2021,כלל האוכלוסיה,17,0,89,0.3,0,2.2
16-04-2021,מעל גיל 60,6,0,5,0.4,0,2.4
17-04-2021,מעל גיל 60,10,0,6,0.7,0,2.9
17-04-2021,מתחת לגיל 60,7,0,50,0.2,0,1.3
17-04-2021,כלל האוכלוסיה,17,0,66,0.3,0,1.7
18-04-2021,מעל גיל 60,9,0,10,0.7,0,4.9
18-04-2021,מתחת לגיל 60,13,0,96,0.3,0,2.5
18-04-2021,כלל האוכלוסיה,22,0,117,0.4,0,2.9
19-04-2021,כלל האוכלוסיה,29,0,103,0.6,0,2.6
19-04-2021,מעל גיל 60,12,0,5,0.9,0,2.5
19-04-2021,מתחת לגיל 60,17,0,90,0.4,0,2.4
20-04-2021,מעל גיל 60,6,0,8,0.4,0,3.9
20-04-2021,מתחת לגיל 60,12,0,119,0.3,0,3.2
20-04-2021,כלל האוכלוסיה,19,0,134,0.4,0,3.4
21-04-2021,מתחת לגיל 60,21,0,69,0.6,0,1.8
21-04-2021,כלל האוכלוסיה,27,0,81,0.5,0,2
21-04-2021,מעל גיל 60,6,0,6,0.4,0,3
22-04-2021,כלל האוכלוסיה,14,0,108,0.3,0,2.7
22-04-2021,מעל גיל 60,6,0,7,0.4,0,3.5
22-04-2021,מתחת לגיל 60,8,0,95,0.2,0,2.5
23-04-2021,כלל האוכלוסיה,13,0,93,0.3,0,2.3
23-04-2021,מעל גיל 60,3,0,4,0.2,0,2
23-04-2021,מתחת לגיל 60,10,0,83,0.3,0,2.2
24-04-2021,מתחת לגיל 60,4,0,23,0.1,0,0.6
24-04-2021,כלל האוכלוסיה,5,0,34,0.1,0,0.9
24-04-2021,מעל גיל 60,1,0,5,0.1,0,2.5
25-04-2021,מתחת לגיל 60,5,0,61,0.1,0,1.6
25-04-2021,כלל האוכלוסיה,6,0,69,0.1,0,1.7
25-04-2021,מעל גיל 60,1,0,2,0.1,0,1
26-04-2021,מעל גיל 60,5,0,3,0.4,0,1.5
26-04-2021,מתחת לגיל 60,8,0,69,0.2,0,1.8
26-04-2021,כלל האוכלוסיה,13,0,81,0.3,0,2.1
27-04-2021,מעל גיל 60,7,0,3,0.5,0,1.5
27-04-2021,מתחת לגיל 60,5,0,59,0.1,0,1.6
27-04-2021,כלל האוכלוסיה,12,0,71,0.2,0,1.8
28-04-2021,מעל גיל 60,1,0,3,0.1,0,1.5
28-04-2021,כלל האוכלוסיה,14,0,82,0.3,0,2.1
28-04-2021,מתחת לגיל 60,13,0,69,0.3,0,1.8
29-04-2021,כלל האוכלוסיה,9,0,82,0.2,0,2.1
29-04-2021,מעל גיל 60,2,0,6,0.1,0,3
29-04-2021,מתחת לגיל 60,7,0,70,0.2,0,1.9
30-04-2021,מתחת לגיל 60,13,0,55,0.3,0,1.5
30-04-2021,כלל האוכלוסיה,17,0,60,0.3,0,1.5
30-04-2021,מעל גיל 60,4,0,3,0.3,0,1.5
01-05-2021,כלל האוכלוסיה,5,0,10,0.1,0,0.3
01-05-2021,מעל גיל 60,0,0,3,0,0,1.5
01-05-2021,מתחת לגיל 60,5,0,6,0.1,0,0.2
02-05-2021,מתחת לגיל 60,3,0,33,0.1,0,0.9
02-05-2021,כלל האוכלוסיה,3,0,46,0.1,0,1.2
02-05-2021,מעל גיל 60,0,0,4,0,0,2
03-05-2021,מתחת לגיל 60,12,0,46,0.3,0,1.2
03-05-2021,מעל גיל 60,3,0,2,0.2,0,1
03-05-2021,כלל האוכלוסיה,15,0,51,0.3,0,1.3
04-05-2021,מעל גיל 60,2,0,2,0.1,0,1
04-05-2021,כלל האוכלוסיה,7,0,53,0.1,0,1.4
04-05-2021,מתחת לגיל 60,5,0,42,0.1,0,1.1
05-05-2021,מתחת לגיל 60,4,0,55,0.1,0,1.5
05-05-2021,כלל האוכלוסיה,5,0,62,0.1,0,1.6
05-05-2021,מעל גיל 60,1,0,5,0.1,0,2.6
06-05-2021,מעל גיל 60,4,0,3,0.3,0,1.5
06-05-2021,כלל האוכלוסיה,15,0,34,0.3,0,0.9
06-05-2021,מתחת לגיל 60,11,0,30,0.3,0,0.8
07-05-2021,מעל גיל 60,1,0,4,0.1,0,2.1
07-05-2021,כלל האוכלוסיה,3,0,30,0.1,0,0.8
07-05-2021,מתחת לגיל 60,2,0,24,0.1,0,0.6
08-05-2021,מעל גיל 60,0,0,0,0,0,0
08-05-2021,כלל האוכלוסיה,5,0,10,0.1,0,0.3
08-05-2021,מתחת לגיל 60,5,0,10,0.1,0,0.3
09-05-2021,כלל האוכלוסיה,5,0,27,0.1,0,0.7
09-05-2021,מעל גיל 60,0,0,0,0,0,0
09-05-2021,מתחת לגיל 60,5,0,26,0.1,0,0.7
10-05-2021,מתחת לגיל 60,11,0,35,0.3,0,0.9
10-05-2021,מעל גיל 60,2,0,0,0.1,0,0
10-05-2021,כלל האוכלוסיה,13,0,39,0.2,0,1
11-05-2021,מתחת לגיל 60,6,0,23,0.2,0,0.6
11-05-2021,מעל גיל 60,3,0,0,0.2,0,0
11-05-2021,כלל האוכלוסיה,9,0,26,0.2,0,0.7
12-05-2021,מעל גיל 60,3,0,1,0.2,0,0.5
12-05-2021,מתחת לגיל 60,2,0,19,0.1,0,0.5
12-05-2021,כלל האוכלוסיה,5,0,21,0.1,0,0.5
13-05-2021,מתחת לגיל 60,3,0,24,0.1,0,0.6
13-05-2021,כלל האוכלוסיה,4,0,25,0.1,0,0.6
13-05-2021,מעל גיל 60,1,0,1,0.1,0,0.5
14-05-2021,מתחת לגיל 60,1,0,22,0,0,0.6
14-05-2021,מעל גיל 60,0,0,3,0,0,1.6
14-05-2021,כלל האוכלוסיה,1,0,25,0,0,0.6
15-05-2021,מתחת לגיל 60,1,0,15,0,0,0.4
15-05-2021,מעל גיל 60,2,0,2,0.1,0,1
15-05-2021,כלל האוכלוסיה,3,0,17,0.1,0,0.4
16-05-2021,מעל גיל 60,8,0,1,0.6,0,0.5
16-05-2021,מתחת לגיל 60,5,0,14,0.1,0,0.4
16-05-2021,כלל האוכלוסיה,13,0,16,0.2,0,0.4
17-05-2021,מעל גיל 60,2,0,1,0.1,0,0.5
17-05-2021,כלל האוכלוסיה,5,0,10,0.1,0,0.3
17-05-2021,מתחת לגיל 60,3,0,7,0.1,0,0.2
18-05-2021,מעל גיל 60,1,0,1,0.1,0,0.5
18-05-2021,מתחת לגיל 60,5,0,13,0.1,0,0.4
18-05-2021,כלל האוכלוסיה,6,0,17,0.1,0,0.4
19-05-2021,מעל גיל 60,12,0,3,0.9,0,1.6
19-05-2021,מתחת לגיל 60,5,0,17,0.1,0,0.5
19-05-2021,כלל האוכלוסיה,17,0,38,0.3,0,1
20-05-2021,מעל גיל 60,0,0,1,0,0,0.5
20-05-2021,כלל האוכלוסיה,5,0,26,0.1,0,0.7
20-05-2021,מתחת לגיל 60,5,0,17,0.1,0,0.5
21-05-2021,מתחת לגיל 60,6,0,9,0.2,0,0.2
21-05-2021,כלל האוכלוסיה,7,0,15,0.1,0,0.4
21-05-2021,מעל גיל 60,1,0,2,0.1,0,1.1
22-05-2021,כלל האוכלוסיה,1,0,11,0,0,0.3
22-05-2021,מתחת לגיל 60,1,0,7,0,0,0.2
22-05-2021,מעל גיל 60,0,0,2,0,0,1.1
23-05-2021,מתחת לגיל 60,4,0,18,0.1,0,0.5
23-05-2021,מעל גיל 60,2,0,2,0.1,0,1.1
23-05-2021,כלל האוכלוסיה,6,0,20,0.1,0,0.5
24-05-2021,כלל האוכלוסיה,8,0,22,0.2,0,0.6
24-05-2021,מתחת לגיל 60,6,0,16,0.2,0,0.4
24-05-2021,מעל גיל 60,2,0,4,0.1,0,2.1
25-05-2021,מעל גיל 60,1,0,2,0.1,0,1.1
25-05-2021,מתחת לגיל 60,6,0,10,0.2,0,0.3
25-05-2021,כלל האוכלוסיה,7,0,16,0.1,0,0.4
26-05-2021,מעל גיל 60,1,0,0,0.1,0,0
26-05-2021,כלל האוכלוסיה,3,0,12,0.1,0,0.3
26-05-2021,מתחת לגיל 60,2,0,12,0.1,0,0.3
27-05-2021,כלל האוכלוסיה,2,0,12,0,0,0.3
27-05-2021,מעל גיל 60,0,0,1,0,0,0.5
27-05-2021,מתחת לגיל 60,2,0,11,0.1,0,0.3
28-05-2021,מעל גיל 60,3,0,1,0.2,0,0.5
28-05-2021,כלל האוכלוסיה,7,0,11,0.1,0,0.3
28-05-2021,מתחת לגיל 60,4,0,10,0.1,0,0.3
29-05-2021,מתחת לגיל 60,1,0,8,0,0,0.2
29-05-2021,כלל האוכלוסיה,3,0,10,0.1,0,0.3
29-05-2021,מעל גיל 60,2,0,2,0.1,0,1.1
30-05-2021,כלל האוכלוסיה,0,0,3,0,0,0.1
30-05-2021,מעל גיל 60,0,0,1,0,0,0.5
30-05-2021,מתחת לגיל 60,0,0,1,0,0,0
31-05-2021,מתחת לגיל 60,1,0,10,0,0,0.3
31-05-2021,כלל האוכלוסיה,3,0,11,0.1,0,0.3
31-05-2021,מעל גיל 60,2,0,0,0.1,0,0
01-06-2021,מתחת לגיל 60,5,0,24,0.1,0,0.6
01-06-2021,מעל גיל 60,1,0,1,0.1,0,0.5
01-06-2021,כלל האוכלוסיה,6,0,29,0.1,0,0.7
02-06-2021,כלל האוכלוסיה,3,0,10,0.1,0,0.3
02-06-2021,מתחת לגיל 60,0,0,9,0,0,0.2
02-06-2021,מעל גיל 60,3,0,1,0.2,0,0.5
03-06-2021,מעל גיל 60,0,0,1,0,0,0.5
03-06-2021,כלל האוכלוסיה,4,0,6,0.1,0,0.2
03-06-2021,מתחת לגיל 60,4,0,4,0.1,0,0.1
04-06-2021,מתחת לגיל 60,6,0,21,0.2,0,0.6
04-06-2021,כלל האוכלוסיה,9,0,22,0.2,0,0.6
04-06-2021,מעל גיל 60,3,0,1,0.2,0,0.5
05-06-2021,כלל האוכלוסיה,3,0,3,0.1,0,0.1
05-06-2021,מעל גיל 60,2,0,0,0.1,0,0
05-06-2021,מתחת לגיל 60,1,0,2,0,0,0.1
06-06-2021,מתחת לגיל 60,1,0,1,0,0,0
06-06-2021,מעל גיל 60,0,0,1,0,0,0.5
06-06-2021,כלל האוכלוסיה,1,0,3,0,0,0.1
07-06-2021,מתחת לגיל 60,3,0,2,0.1,0,0.1
07-06-2021,כלל האוכלוסיה,5,0,2,0.1,0,0.1
07-06-2021,מעל גיל 60,2,0,0,0.1,0,0
08-06-2021,כלל האוכלוסיה,10,0,20,0.2,0,0.5
08-06-2021,מתחת לגיל 60,7,0,17,0.2,0,0.5
08-06-2021,מעל גיל 60,3,0,1,0.2,0,0.5
09-06-2021,מתחת לגיל 60,1,0,1,0,0,0
09-06-2021,מעל גיל 60,2,0,1,0.1,0,0.5
09-06-2021,כלל האוכלוסיה,3,0,3,0.1,0,0.1
10-06-2021,כלל האוכלוסיה,8,0,10,0.1,0,0.3
10-06-2021,מתחת לגיל 60,5,0,8,0.1,0,0.2
10-06-2021,מעל גיל 60,3,0,0,0.2,0,0
11-06-2021,מעל גיל 60,1,0,0,0.1,0,0
11-06-2021,מתחת לגיל 60,7,0,6,0.2,0,0.2
11-06-2021,כלל האוכלוסיה,8,0,8,0.1,0,0.2
12-06-2021,מעל גיל 60,0,0,1,0,0,0.5
12-06-2021,מתחת לגיל 60,2,0,1,0.1,0,0
12-06-2021,כלל האוכלוסיה,2,0,3,0,0,0.1
13-06-2021,מעל גיל 60,0,0,0,0,0,0
13-06-2021,כלל האוכלוסיה,1,0,2,0,0,0.1
13-06-2021,מתחת לגיל 60,1,0,2,0,0,0.1
14-06-2021,מעל גיל 60,2,0,0,0.1,0,0
14-06-2021,מתחת לגיל 60,8,0,15,0.2,0,0.4
14-06-2021,כלל האוכלוסיה,10,0,15,0.2,0,0.4
15-06-2021,מתחת לגיל 60,7,0,15,0.2,0,0.4
15-06-2021,כלל האוכלוסיה,8,0,16,0.1,0,0.4
15-06-2021,מעל גיל 60,1,0,0,0.1,0,0
16-06-2021,מעל גיל 60,0,0,4,0,0,2.2
16-06-2021,מתחת לגיל 60,6,0,2,0.2,0,0.1
16-06-2021,כלל האוכלוסיה,6,0,7,0.1,0,0.2
17-06-2021,מעל גיל 60,3,0,0,0.2,0,0
17-06-2021,כלל האוכלוסיה,10,0,18,0.2,0,0.5
17-06-2021,מתחת לגיל 60,7,0,18,0.2,0,0.5
18-06-2021,כלל האוכלוסיה,12,0,22,0.2,0,0.6
18-06-2021,מעל גיל 60,1,0,0,0.1,0,0
18-06-2021,מתחת לגיל 60,11,0,20,0.3,0,0.5
19-06-2021,כלל האוכלוסיה,7,0,39,0.1,0,1
19-06-2021,מעל גיל 60,2,0,0,0.1,0,0
19-06-2021,מתחת לגיל 60,5,0,39,0.1,0,1.1
20-06-2021,מעל גיל 60,5,0,0,0.4,0,0
20-06-2021,כלל האוכלוסיה,20,0,25,0.4,0,0.7
20-06-2021,מתחת לגיל 60,15,0,24,0.4,0,0.7
21-06-2021,מתחת לגיל 60,29,0,74,0.7,0,2
21-06-2021,כלל האוכלוסיה,41,0,77,0.8,0,2
21-06-2021,מעל גיל 60,12,0,2,0.9,0,1.1
22-06-2021,מתחת לגיל 60,29,0,63,0.7,0,1.7
22-06-2021,מעל גיל 60,11,0,0,0.8,0,0
22-06-2021,כלל האוכלוסיה,40,0,63,0.7,0,1.6
23-06-2021,מתחת לגיל 60,37,0,86,0.9,0,2.4
23-06-2021,מעל גיל 60,11,0,1,0.8,0,0.6
23-06-2021,כלל האוכלוסיה,48,0,88,0.9,0,2.3
24-06-2021,מעל גיל 60,39,0,2,2.8,0,1.1
24-06-2021,כלל האוכלוסיה,102,0,123,1.9,0,3.2
24-06-2021,מתחת לגיל 60,63,0,121,1.6,0,3.3
25-06-2021,כלל האוכלוסיה,96,0,131,1.8,0,3.5
25-06-2021,מתחת לגיל 60,65,0,127,1.6,0,3.5
25-06-2021,מעל גיל 60,31,0,4,2.2,0,2.2
26-06-2021,מתחת לגיל 60,28,0,66,0.7,0,1.8
26-06-2021,כלל האוכלוסיה,45,0,67,0.8,0,1.8
26-06-2021,מעל גיל 60,17,0,1,1.2,0,0.6
27-06-2021,מתחת לגיל 60,41,0,73,1,0,2
27-06-2021,מעל גיל 60,27,0,1,2,0,0.6
27-06-2021,כלל האוכלוסיה,68,0,75,1.3,0,2
28-06-2021,כלל האוכלוסיה,124,0,153,2.3,0,4.1
28-06-2021,מתחת לגיל 60,84,0,148,2.1,0,4.1
28-06-2021,מעל גיל 60,40,0,5,2.9,0,2.8
29-06-2021,כלל האוכלוסיה,114,0,170,2.1,0,4.5
29-06-2021,מעל גיל 60,32,0,3,2.3,0,1.7
29-06-2021,מתחת לגיל 60,82,0,164,2.1,0,4.6
30-06-2021,כלל האוכלוסיה,130,0,164,2.4,0,4.4
30-06-2021,מעל גיל 60,44,0,4,3.2,0,2.3
30-06-2021,מתחת לגיל 60,86,0,156,2.2,0,4.4
01-07-2021,מעל גיל 60,42,0,6,3,0,3.4
01-07-2021,מתחת לגיל 60,105,0,134,2.6,0,3.8
01-07-2021,כלל האוכלוסיה,147,0,141,2.7,0,3.8
02-07-2021,מעל גיל 60,39,0,6,2.8,0,3.4
02-07-2021,מתחת לגיל 60,108,0,167,2.7,0,4.7
02-07-2021,כלל האוכלוסיה,147,0,173,2.7,0,4.7
03-07-2021,מתחת לגיל 60,55,0,103,1.4,0,2.9
03-07-2021,מעל גיל 60,26,0,1,1.9,0,0.6
03-07-2021,כלל האוכלוסיה,81,0,104,1.5,0,2.8
04-07-2021,מעל גיל 60,52,0,2,3.8,0,1.1
04-07-2021,מתחת לגיל 60,126,0,161,3.2,0,4.6
04-07-2021,כלל האוכלוסיה,178,0,164,3.3,0,4.4
05-07-2021,כלל האוכלוסיה,215,0,271,4,0,7.4
05-07-2021,מתחת לגיל 60,159,0,262,4,0,7.5
05-07-2021,מעל גיל 60,56,0,4,4.1,0,2.3
06-07-2021,כלל האוכלוסיה,231,0,269,4.3,0,7.4
06-07-2021,מעל גיל 60,64,0,15,4.6,0,8.6
06-07-2021,מתחת לגיל 60,167,0,253,4.2,0,7.3
07-07-2021,כלל האוכלוסיה,261,0,239,4.8,0,6.6
07-07-2021,מעל גיל 60,77,0,4,5.6,0,2.3
07-07-2021,מתחת לגיל 60,184,0,232,4.6,0,6.7
08-07-2021,מעל גיל 60,66,0,4,4.8,0,2.3
08-07-2021,כלל האוכלוסיה,269,0,185,5,0,5.1
08-07-2021,מתחת לגיל 60,203,0,180,5,0,5.2
09-07-2021,מעל גיל 60,84,0,3,6.1,0,1.7
09-07-2021,כלל האוכלוסיה,271,0,240,5,0,6.7
09-07-2021,מתחת לגיל 60,187,0,236,4.6,0,6.9
10-07-2021,מעל גיל 60,23,0,0,1.7,0,0
10-07-2021,כלל האוכלוסיה,126,0,125,2.3,0,3.5
10-07-2021,מתחת לגיל 60,103,0,125,2.6,0,3.6
11-07-2021,מעל גיל 60,71,0,2,5.1,0,1.2
11-07-2021,כלל האוכלוסיה,266,0,158,4.9,0,4.4
11-07-2021,מתחת לגיל 60,195,0,156,4.8,0,4.5
12-07-2021,כלל האוכלוסיה,417,0,324,7.7,0,9
12-07-2021,מעל גיל 60,105,0,9,7.6,0,5.2
12-07-2021,מתחת לגיל 60,312,0,312,7.7,0,9.1
13-07-2021,כלל האוכלוסיה,402,0,319,7.4,0,8.9
13-07-2021,מעל גיל 60,100,0,12,7.2,0,7
13-07-2021,מתחת לגיל 60,302,0,306,7.5,0,8.9
14-07-2021,כלל האוכלוסיה,404,0,340,7.4,0,9.5
14-07-2021,מעל גיל 60,92,0,11,6.6,0,6.4
14-07-2021,מתחת לגיל 60,312,0,329,7.7,0,9.6
15-07-2021,כלל האוכלוסיה,439,0,388,8.1,0,10.8
15-07-2021,מתחת לגיל 60,330,0,382,8.1,0,11.2
15-07-2021,מעל גיל 60,109,0,5,7.9,0,2.9
16-07-2021,כלל האוכלוסיה,565,0,529,10.4,0,14.7
16-07-2021,מתחת לגיל 60,424,0,511,10.5,0,14.9
16-07-2021,מעל גיל 60,141,0,13,10.2,0,7.6
17-07-2021,מתחת לגיל 60,163,0,176,4,0,5.1
17-07-2021,מעל גיל 60,68,0,3,4.9,0,1.8
17-07-2021,כלל האוכלוסיה,232,0,179,4.3,0,5
18-07-2021,מעל גיל 60,108,0,10,7.8,0,5.9
18-07-2021,כלל האוכלוסיה,456,0,354,8.4,0,9.9
18-07-2021,מתחת לגיל 60,348,0,340,8.6,0,9.9
19-07-2021,מתחת לגיל 60,553,0,628,13.6,0,18.4
19-07-2021,כלל האוכלוסיה,693,0,645,12.7,0,18
19-07-2021,מעל גיל 60,140,0,9,10.1,0,5.3
20-07-2021,כלל האוכלוסיה,768,1,607,14.1,16.8,16.9
20-07-2021,מעל גיל 60,193,0,16,13.9,0,9.5
20-07-2021,מתחת לגיל 60,575,1,582,14.1,22.9,17.1
21-07-2021,מעל גיל 60,181,5,18,13.1,42.6,10.7
21-07-2021,מתחת לגיל 60,517,5,585,12.7,37.7,17.1
21-07-2021,כלל האוכלוסיה,698,10,610,12.8,40,17
22-07-2021,מעל גיל 60,154,2,15,11.4,5.7,8.9
22-07-2021,מתחת לגיל 60,507,2,565,12.5,7.9,16.6
22-07-2021,כלל האוכלוסיה,661,4,584,12.2,6.6,16.3
23-07-2021,מתחת לגיל 60,566,9,614,14,22.2,18
23-07-2021,כלל האוכלוסיה,756,26,633,14.1,22.3,17.7
23-07-2021,מעל גיל 60,190,17,11,14.5,22.4,6.5
24-07-2021,מתחת לגיל 60,380,12,415,9.4,21.1,12.2
24-07-2021,מעל גיל 60,111,20,8,8.8,15.7,4.8
24-07-2021,כלל האוכלוסיה,491,32,426,9.3,17.3,11.9
25-07-2021,מתחת לגיל 60,591,21,569,14.6,33.1,16.7
25-07-2021,מעל גיל 60,145,35,16,11.8,22.4,9.5
25-07-2021,כלל האוכלוסיה,736,56,587,14,25.5,16.4
26-07-2021,מעל גיל 60,269,47,33,22.2,26.4,19.7
26-07-2021,מתחת לגיל 60,869,29,846,21.5,42.9,24.9
26-07-2021,כלל האוכלוסיה,1138,76,885,21.6,30.9,24.8
27-07-2021,מעל גיל 60,240,75,27,20.9,31.2,16.2
27-07-2021,כלל האוכלוסיה,1139,113,990,22,34.3,27.8
27-07-2021,מתחת לגיל 60,897,38,947,22.2,43,27.9
28-07-2021,מעל גיל 60,225,75,34,21.1,23.3,20.4
28-07-2021,כלל האוכלוסיה,1040,119,984,20.5,26.6,27.7
28-07-2021,מתחת לגיל 60,815,44,937,20.3,35,27.6
29-07-2021,מתחת לגיל 60,822,44,891,20.6,25.7,26.3
29-07-2021,מעל גיל 60,221,121,30,22.6,29.4,18
29-07-2021,כלל האוכלוסיה,1044,165,933,21,28.3,26.3
30-07-2021,מעל גיל 60,235,142,25,26.4,28.6,15.1
30-07-2021,כלל האוכלוסיה,1117,215,1065,23.1,29.9,30
30-07-2021,מתחת לגיל 60,882,73,1030,22.4,32.7,30.4
31-07-2021,כלל האוכלוסיה,888,166,1007,19,19,28.4
31-07-2021,מעל גיל 60,130,101,21,16.3,17.3,12.7
31-07-2021,מתחת לגיל 60,758,65,979,19.6,22.3,28.9
01-08-2021,מעל גיל 60,115,150,27,15.1,25,16.3
01-08-2021,כלל האוכלוסיה,876,257,962,19,27.9,27.1
01-08-2021,מתחת לגיל 60,761,107,922,19.7,33.3,27.3
02-08-2021,כלל האוכלוסיה,1570,448,1770,34.3,48.4,50
02-08-2021,מתחת לגיל 60,1301,185,1712,33.8,53.5,50.7
02-08-2021,מעל גיל 60,269,262,50,36.7,45.2,30.3
03-08-2021,מעל גיל 60,171,237,52,25.7,40.6,31.6
03-08-2021,מתחת לגיל 60,1111,202,1438,29.3,49.2,42.6
03-08-2021,כלל האוכלוסיה,1283,439,1504,28.8,44.1,42.5
04-08-2021,מתחת לגיל 60,1266,219,1502,33.9,45.5,44.6
04-08-2021,כלל האוכלוסיה,1415,460,1572,32.6,43.4,44.5
04-08-2021,מעל גיל 60,148,241,53,24.4,41.7,32.3
05-08-2021,כלל האוכלוסיה,1432,651,1694,33.8,59.2,48
05-08-2021,מתחת לגיל 60,1306,306,1624,35.4,56.3,48.2
05-08-2021,מעל גיל 60,125,345,60,22.6,62.1,36.6
06-08-2021,מעל גיל 60,119,304,53,23.4,53.8,32.4
06-08-2021,מתחת לגיל 60,1272,298,1704,35,49.1,50.6
06-08-2021,כלל האוכלוסיה,1391,603,1767,33.6,51.4,50.1
07-08-2021,מעל גיל 60,82,186,34,17.5,31.7,20.8
07-08-2021,מתחת לגיל 60,956,265,1317,26.8,39.1,39.2
07-08-2021,כלל האוכלוסיה,1038,451,1354,25.7,35.6,38.4
08-08-2021,מתחת לגיל 60,1083,365,1450,30.7,50.7,43.2
08-08-2021,מעל גיל 60,113,258,53,23.7,48.5,32.6
08-08-2021,כלל האוכלוסיה,1196,623,1517,29.9,49.8,43.1
09-08-2021,כלל האוכלוסיה,2251,1067,2847,56.1,87.3,81
09-08-2021,מתחת לגיל 60,2037,645,2729,58.2,86.3,81.3
09-08-2021,מעל גיל 60,214,421,98,41.6,88.7,60.4
10-08-2021,מעל גיל 60,229,366,68,40.7,86.2,42.1
10-08-2021,מתחת לגיל 60,1885,616,2450,54.4,78.7,73.1
10-08-2021,כלל האוכלוסיה,2115,982,2538,52.5,81.3,72.3
11-08-2021,מתחת לגיל 60,1955,674,2499,56.7,83.8,74.7
11-08-2021,כלל האוכלוסיה,2189,1010,2602,53.8,85.3,74.2
11-08-2021,מעל גיל 60,234,336,84,37.6,88.8,52.2
12-08-2021,מתחת לגיל 60,1891,692,2636,55.1,83.9,79
12-08-2021,כלל האוכלוסיה,2185,1035,2743,53,89.4,78.4
12-08-2021,מעל גיל 60,293,343,93,42.4,102.9,58
13-08-2021,מתחת לגיל 60,1828,676,2650,53.9,79.8,79.5
13-08-2021,מעל גיל 60,236,256,86,32.6,80.5,53.7
13-08-2021,כלל האוכלוסיה,2065,932,2758,50.2,79.9,78.9
14-08-2021,מעל גיל 60,173,175,55,23.3,56.4,34.4
14-08-2021,כלל האוכלוסיה,1432,759,1871,35,64.3,53.6
14-08-2021,מתחת לגיל 60,1259,584,1800,37.6,67.1,54
15-08-2021,כלל האוכלוסיה,1757,883,2354,42.4,78.6,67.5
15-08-2021,מתחת לגיל 60,1571,693,2237,47.2,82,67.2
15-08-2021,מעל גיל 60,186,189,97,22.9,68,61
16-08-2021,כלל האוכלוסיה,2969,1399,4104,70.8,130.8,118
16-08-2021,מעל גיל 60,388,325,125,44.2,130.3,79
16-08-2021,מתחת לגיל 60,2579,1074,3959,77.8,130.9,119.2
17-08-2021,כלל האוכלוסיה,2661,1260,3790,63.3,118.8,109.2
17-08-2021,מתחת לגיל 60,2385,1030,3654,73,123.7,110.3
17-08-2021,מעל גיל 60,274,228,113,29.2,100,71.7
18-08-2021,מתחת לגיל 60,2331,958,3765,72.4,112.5,113.9
18-08-2021,מעל גיל 60,305,223,121,30.8,106.2,77.1
18-08-2021,כלל האוכלוסיה,2636,1182,3929,62.6,111.3,113.5
19-08-2021,מעל גיל 60,267,225,125,25.7,116,80.1
19-08-2021,מתחת לגיל 60,2216,1041,3615,69.9,119.2,109.7
19-08-2021,כלל האוכלוסיה,2484,1266,3772,59,118.6,109.3
20-08-2021,כלל האוכלוסיה,2416,1191,3967,57.7,110.2,115.1
20-08-2021,מעל גיל 60,260,195,119,24.6,103.5,76.4
20-08-2021,מתחת לגיל 60,2156,996,3813,68.9,111.6,115.8
21-08-2021,כלל האוכלוסיה,1596,915,2680,38.3,82.9,77.8
21-08-2021,מתחת לגיל 60,1448,779,2593,46.8,85,78.8
21-08-2021,מעל גיל 60,147,136,72,13.8,72.4,46.3
22-08-2021,כלל האוכלוסיה,2091,1143,3055,49.6,108.6,89
22-08-2021,מעל גיל 60,166,143,99,15.1,82.2,64
22-08-2021,מתחת לגיל 60,1923,1000,2929,61.7,113.9,89.3
23-08-2021,מתחת לגיל 60,2702,1348,4972,86,159.5,152.1
23-08-2021,מעל גיל 60,292,167,135,25.8,102.9,87.6
23-08-2021,כלל האוכלוסיה,2994,1517,5135,70.1,150.6,150
24-08-2021,מעל גיל 60,279,152,113,24.2,98.7,73.7
24-08-2021,מתחת לגיל 60,2828,1348,4913,90.2,160.8,150.8
24-08-2021,כלל האוכלוסיה,3107,1501,5053,72.4,151.2,148.1
25-08-2021,כלל האוכלוסיה,2613,1392,4821,60.9,141,141.7
25-08-2021,מעל גיל 60,229,152,98,19.5,102.4,64.2
25-08-2021,מתחת לגיל 60,2381,1240,4685,76.4,147.9,144.2
26-08-2021,מעל גיל 60,232,146,113,19.5,102,74.3
26-08-2021,מתחת לגיל 60,2518,1145,4520,81.3,136.6,139.5
26-08-2021,כלל האוכלוסיה,2750,1291,4664,64.1,131.5,137.5
27-08-2021,מעל גיל 60,267,140,129,22.3,98.8,85
27-08-2021,כלל האוכלוסיה,2429,1273,4567,56.7,127.1,134.8
27-08-2021,מתחת לגיל 60,2162,1132,4412,70.1,131.7,136.4
28-08-2021,מתחת לגיל 60,1894,1066,3523,61.9,118.7,109
28-08-2021,כלל האוכלוסיה,2085,1182,3635,48.9,113.6,107.4
28-08-2021,מעל גיל 60,189,115,96,15.8,81,63.4
29-08-2021,מעל גיל 60,155,99,87,12.8,72.6,57.7
29-08-2021,מתחת לגיל 60,1811,1036,3172,58.3,118,98.4
29-08-2021,כלל האוכלוסיה,1966,1135,3283,45.5,111.9,97.3
30-08-2021,מתחת לגיל 60,2646,1396,6095,84,168.1,189.9
30-08-2021,כלל האוכלוסיה,2843,1506,6261,64.9,156.6,186.3
30-08-2021,מעל גיל 60,196,110,130,16,84.2,86.5
31-08-2021,מתחת לגיל 60,2513,1296,5590,79.4,159.2,174.7
31-08-2021,כלל האוכלוסיה,2769,1405,5760,62.9,149.3,172
31-08-2021,מעל גיל 60,253,108,137,20.5,85.1,91.6
01-09-2021,מתחת לגיל 60,2615,1390,6204,82.3,175,194.5
01-09-2021,כלל האוכלוסיה,2845,1501,6383,64.4,163.3,191.2
01-09-2021,מעל גיל 60,230,110,136,18.5,88.3,91.3
02-09-2021,כלל האוכלוסיה,2792,1386,6614,62.7,156.3,198.6
02-09-2021,מתחת לגיל 60,2574,1294,6484,80.4,169.2,203.8
02-09-2021,מעל גיל 60,217,92,100,17.4,75.2,67.4
03-09-2021,כלל האוכלוסיה,2416,1241,5673,54.2,140.2,170.5
03-09-2021,מעל גיל 60,210,101,119,16.8,82.7,80.3
03-09-2021,מתחת לגיל 60,2206,1140,5525,68.9,149.4,173.8
04-09-2021,מתחת לגיל 60,1148,647,2714,36,82.9,85.4
04-09-2021,כלל האוכלוסיה,1241,702,2794,27.9,77.7,84.1
04-09-2021,מעל גיל 60,93,55,63,7.4,44.8,42.6
05-09-2021,מתחת לגיל 60,1388,787,3038,43,104.9,95.8
05-09-2021,כלל האוכלוסיה,1498,846,3128,33.4,97.2,94.3
05-09-2021,מעל גיל 60,110,59,71,8.7,49.1,48.2
06-09-2021,מעל גיל 60,182,86,134,14.4,72,91.2
06-09-2021,כלל האוכלוסיה,2485,1105,6666,54.6,127.6,201.2
06-09-2021,מתחת לגיל 60,2302,1019,6506,70,136.5,205.4
07-09-2021,מעל גיל 60,120,59,83,9.5,48.9,56.6
07-09-2021,מתחת לגיל 60,1439,725,4058,43.2,93.8,128.2
07-09-2021,כלל האוכלוסיה,1559,784,4162,33.9,87.7,125.6
08-09-2021,מתחת לגיל 60,713,446,1827,21.1,55.6,57.7
08-09-2021,מעל גיל 60,67,27,52,5.3,22.1,35.5
08-09-2021,כלל האוכלוסיה,781,473,1889,16.8,51.2,57
09-09-2021,מתחת לגיל 60,1606,957,4741,47.1,121,150.1
09-09-2021,מעל גיל 60,103,56,84,8.1,46.6,57.5
09-09-2021,כלל האוכלוסיה,1710,1014,4849,36.5,111.3,146.8
10-09-2021,מעל גיל 60,122,83,119,9.6,68.9,81.7
10-09-2021,כלל האוכלוסיה,1929,1044,6588,41.1,113,199.6
10-09-2021,מתחת לגיל 60,1806,961,6442,52.9,119.6,204.1
11-09-2021,כלל האוכלוסיה,1843,1184,6917,39.5,123,209.7
11-09-2021,מתחת לגיל 60,1686,1095,6744,49.8,130.3,213.8
11-09-2021,מעל גיל 60,156,88,153,12.2,72,105.2
12-09-2021,מתחת לגיל 60,1385,998,4825,40.5,120.8,153.3
12-09-2021,כלל האוכלוסיה,1467,1089,4959,31.2,115.1,150.6
12-09-2021,מעל גיל 60,82,90,115,6.4,75.1,79.3
13-09-2021,מתחת לגיל 60,1925,1193,7002,56.3,147.5,222.8
13-09-2021,מעל גיל 60,165,87,155,12.9,73.9,107.3
13-09-2021,כלל האוכלוסיה,2091,1280,7190,44.5,138.1,218.7
14-09-2021,מעל גיל 60,190,95,154,14.9,80.8,106.9
14-09-2021,מתחת לגיל 60,1617,1054,6365,47.8,128.7,202.8
14-09-2021,כלל האוכלוסיה,1808,1149,6540,38.8,122.7,199.3
15-09-2021,כלל האוכלוסיה,1472,1153,5863,31.9,118.6,178.7
15-09-2021,מעל גיל 60,132,69,122,10.4,57.6,84.9
15-09-2021,מתחת לגיל 60,1340,1084,5715,40.1,127.2,182.2
16-09-2021,מתחת לגיל 60,436,385,2213,13,42.8,70.6
16-09-2021,כלל האוכלוסיה,473,407,2275,10.2,39.8,69.4
16-09-2021,מעל גיל 60,37,22,50,2.9,17.9,34.8
17-09-2021,מתחת לגיל 60,745,640,3249,22.2,70.6,103.7
17-09-2021,כלל האוכלוסיה,823,690,3347,17.8,67,102.2
17-09-2021,מעל גיל 60,75,50,81,5.9,40.7,56.5
18-09-2021,מעל גיל 60,114,95,103,8.9,76.2,72
18-09-2021,מתחת לגיל 60,1249,1261,5445,37.7,133.8,173.9
18-09-2021,כלל האוכלוסיה,1363,1356,5557,29.7,127,169.7
19-09-2021,כלל האוכלוסיה,1004,939,4346,21.8,88.6,133
19-09-2021,מתחת לגיל 60,916,871,4244,27.5,93,135.8
19-09-2021,מעל גיל 60,88,68,91,6.9,55.5,63.8
20-09-2021,מתחת לגיל 60,1231,1153,5778,36.7,122.4,185
20-09-2021,מעל גיל 60,148,76,122,11.6,62.2,85.8
20-09-2021,כלל האוכלוסיה,1380,1231,5921,29.8,115.7,181.4
21-09-2021,מתחת לגיל 60,604,689,3116,18,69.7,99.8
21-09-2021,מעל גיל 60,72,66,70,5.6,52.7,49.3
21-09-2021,כלל האוכלוסיה,676,756,3199,14.6,67.9,98
22-09-2021,כלל האוכלוסיה,844,1071,3901,18.4,93.2,119.7
22-09-2021,מעל גיל 60,84,72,85,6.6,56.8,60.1
22-09-2021,מתחת לגיל 60,760,999,3792,23,97.8,121.6
23-09-2021,מתחת לגיל 60,747,1015,4074,22.9,96.8,130.8
23-09-2021,כלל האוכלוסיה,859,1103,4234,18.9,93.8,130.1
23-09-2021,מעל גיל 60,111,88,138,8.7,68.9,97.8
24-09-2021,מתחת לגיל 60,556,758,3218,17,71.1,103.4
24-09-2021,מעל גיל 60,87,78,110,6.8,60.4,78.1
24-09-2021,כלל האוכלוסיה,643,836,3336,14.2,70,102.6
25-09-2021,מעל גיל 60,57,28,45,4.5,21.3,32
25-09-2021,כלל האוכלוסיה,344,480,1728,7.6,39.1,53.2
25-09-2021,מתחת לגיל 60,287,452,1677,8.9,41.2,53.9
26-09-2021,כלל האוכלוסיה,515,739,2471,11.4,60.8,76.2
26-09-2021,מתחת לגיל 60,449,690,2395,13.8,63.6,77.2
26-09-2021,מעל גיל 60,66,49,64,5.2,37.8,45.7
27-09-2021,מתחת לגיל 60,594,886,3279,18.2,82.7,105.8
27-09-2021,מעל גיל 60,109,77,99,8.6,60,70.9
27-09-2021,כלל האוכלוסיה,703,964,3393,15.5,80.3,104.8
28-09-2021,מעל גיל 60,31,24,39,2.4,18.4,28
28-09-2021,מתחת לגיל 60,272,461,1487,8.4,42.2,48
28-09-2021,כלל האוכלוסיה,303,486,1548,6.7,39.7,47.8
29-09-2021,כלל האוכלוסיה,432,667,2391,9.6,55.7,74.1
29-09-2021,מעל גיל 60,56,47,66,4.4,36.8,47.6
29-09-2021,מתחת לגיל 60,376,620,2305,11.6,57.9,74.6
30-09-2021,כלל האוכלוסיה,475,719,3071,10.5,63.5,95.5
30-09-2021,מעל גיל 60,70,53,73,5.5,43.3,52.9
30-09-2021,מתחת לגיל 60,405,666,2979,12.4,66,96.8
01-10-2021,כלל האוכלוסיה,423,623,2430,9.3,55.5,75.7
01-10-2021,מתחת לגיל 60,353,570,2358,10.8,57.1,76.7
01-10-2021,מעל גיל 60,69,53,58,5.4,43.3,42.2
02-10-2021,מעל גיל 60,25,17,41,2,13.8,29.9
02-10-2021,מתחת לגיל 60,167,358,1045,5.1,35.7,34
02-10-2021,כלל האוכלוסיה,192,375,1091,4.2,33.3,34
03-10-2021,מתחת לגיל 60,271,482,1695,8.3,50.7,55.4
03-10-2021,כלל האוכלוסיה,308,510,1744,6.8,47.7,54.6
03-10-2021,מעל גיל 60,37,28,43,2.9,23.7,31.6
04-10-2021,מעל גיל 60,54,54,57,4.2,47.2,42.1
04-10-2021,כלל האוכלוסיה,384,571,2177,8.4,55.6,68.4
04-10-2021,מתחת לגיל 60,330,517,2111,10,56.7,69.2
05-10-2021,מתחת לגיל 60,237,373,1671,7.2,42.3,54.9
05-10-2021,כלל האוכלוסיה,286,403,1741,6.2,40.6,54.8
05-10-2021,מעל גיל 60,49,30,55,3.8,26.9,40.9
06-10-2021,מעל גיל 60,32,30,39,2.5,27.1,29.1
06-10-2021,מתחת לגיל 60,212,359,1622,6.3,41.2,53.4
06-10-2021,כלל האוכלוסיה,244,389,1670,5.3,39.6,52.7
07-10-2021,מתחת לגיל 60,166,281,1479,4.9,32.8,48.8
07-10-2021,כלל האוכלוסיה,197,304,1530,4.2,31.5,48.4
07-10-2021,מעל גיל 60,31,23,38,2.4,20.9,28.5
08-10-2021,כלל האוכלוסיה,221,296,1425,4.7,30.8,45.1
08-10-2021,מתחת לגיל 60,183,280,1373,5.3,32.9,45.4
08-10-2021,מעל גיל 60,38,16,47,2.9,14.5,35.3
09-10-2021,כלל האוכלוסיה,108,174,717,2.3,18,22.7
09-10-2021,מעל גיל 60,20,15,25,1.5,13.6,18.8
09-10-2021,מתחת לגיל 60,88,159,689,2.5,18.6,22.8
10-10-2021,מעל גיל 60,26,17,32,2,15.6,24.2
10-10-2021,כלל האוכלוסיה,176,204,1055,3.7,21.5,33.5
10-10-2021,מתחת לגיל 60,150,185,1016,4.3,22,33.6
11-10-2021,כלל האוכלוסיה,237,273,1743,4.9,29.1,55.4
11-10-2021,מעל גיל 60,29,30,55,2.2,27.8,41.7
11-10-2021,מתחת לגיל 60,208,243,1681,5.8,29.3,55.7
12-10-2021,כלל האוכלוסיה,183,236,1341,3.7,25.2,42.7
12-10-2021,מתחת לגיל 60,154,221,1294,4.3,26.6,43
12-10-2021,מעל גיל 60,29,15,31,2.2,13.9,23.6
13-10-2021,מתחת לגיל 60,139,216,1262,3.8,26,41.9
13-10-2021,מעל גיל 60,24,19,38,1.8,17.7,29
13-10-2021,כלל האוכלוסיה,163,235,1315,3.3,25,41.9
14-10-2021,כלל האוכלוסיה,127,177,1002,2.6,18.9,32
14-10-2021,מתחת לגיל 60,105,164,970,2.9,19.8,32.3
14-10-2021,מעל גיל 60,22,13,19,1.7,12.1,14.6
15-10-2021,כלל האוכלוסיה,157,228,1137,3.2,24.3,36.3
15-10-2021,מעל גיל 60,20,20,30,1.5,18.6,23
15-10-2021,מתחת לגיל 60,137,208,1097,3.7,25.1,36.5
16-10-2021,מעל גיל 60,11,7,9,0.8,6.5,6.9
16-10-2021,כלל האוכלוסיה,99,93,530,2,9.9,16.9
16-10-2021,מתחת לגיל 60,88,86,514,2.4,10.3,17.1
17-10-2021,כלל האוכלוסיה,122,187,882,2.4,20,28.2
17-10-2021,מתחת לגיל 60,102,172,858,2.8,20.8,28.6
17-10-2021,מעל גיל 60,20,15,18,1.5,14,13.9
18-10-2021,כלל האוכלוסיה,155,199,1116,3.1,21.4,35.7
18-10-2021,מעל גיל 60,18,14,22,1.4,13.1,17
18-10-2021,מתחת לגיל 60,136,185,1084,3.7,22.5,36.2
19-10-2021,מעל גיל 60,26,7,23,2,6.6,17.8
19-10-2021,מתחת לגיל 60,101,119,833,2.7,14.5,27.8
19-10-2021,כלל האוכלוסיה,127,126,861,2.5,13.5,27.6
20-10-2021,מעל גיל 60,12,11,18,0.9,10.3,14
20-10-2021,מתחת לגיל 60,86,115,757,2.3,14,25.3
20-10-2021,כלל האוכלוסיה,99,126,782,2,13.6,25.1
21-10-2021,מתחת לגיל 60,89,108,723,2.4,13.2,24.2
21-10-2021,מעל גיל 60,16,14,16,1.2,13.2,12.5
21-10-2021,כלל האוכלוסיה,105,122,745,2.1,13.2,23.9
22-10-2021,מעל גיל 60,16,10,13,1.2,9.5,10.2
22-10-2021,מתחת לגיל 60,82,107,729,2.2,13.1,24.4
22-10-2021,כלל האוכלוסיה,98,117,747,1.9,12.7,24
23-10-2021,כלל האוכלוסיה,48,51,221,0.9,5.6,7.1
23-10-2021,מתחת לגיל 60,40,47,209,1.1,5.8,7
23-10-2021,מעל גיל 60,8,4,7,0.6,3.8,5.5
24-10-2021,כלל האוכלוסיה,93,100,624,1.8,11,20
24-10-2021,מתחת לגיל 60,84,92,608,2.2,11.4,20.4
24-10-2021,מעל גיל 60,9,8,12,0.7,7.6,9.4
25-10-2021,מעל גיל 60,16,7,12,1.2,6.7,9.5
25-10-2021,מתחת לגיל 60,80,102,673,2.1,12.7,22.5
25-10-2021,כלל האוכלוסיה,96,109,692,1.9,12,22.2
26-10-2021,כלל האוכלוסיה,63,90,561,1.2,10,18
26-10-2021,מתחת לגיל 60,52,78,541,1.4,9.8,18.1
26-10-2021,מעל גיל 60,11,12,14,0.8,11.5,11.1
27-10-2021,מעל גיל 60,9,8,15,0.7,7.7,11.9
27-10-2021,מתחת לגיל 60,63,74,463,1.7,9.3,15.5
27-10-2021,כלל האוכלוסיה,72,82,483,1.4,9.1,15.6
28-10-2021,מעל גיל 60,16,7,9,1.2,6.8,7.2
28-10-2021,מתחת לגיל 60,44,79,487,1.2,10,16.4
28-10-2021,כלל האוכלוסיה,60,86,503,1.2,9.6,16.2
29-10-2021,כלל האוכלוסיה,68,82,456,1.3,9.1,14.7
29-10-2021,מעל גיל 60,11,7,22,0.8,6.7,17.5
29-10-2021,מתחת לגיל 60,57,75,429,1.5,9.4,14.4
30-10-2021,כלל האוכלוסיה,23,34,164,0.4,3.8,5.3
30-10-2021,מתחת לגיל 60,17,31,158,0.4,3.9,5.3
30-10-2021,מעל גיל 60,6,3,4,0.5,2.9,3.2
31-10-2021,מתחת לגיל 60,41,50,393,1.1,6.3,13.2
31-10-2021,מעל גיל 60,6,6,12,0.5,5.8,9.6
31-10-2021,כלל האוכלוסיה,47,56,411,0.9,6.2,13.3
01-11-2021,מתחת לגיל 60,69,54,505,1.8,6.9,17
01-11-2021,מעל גיל 60,14,5,19,1.1,4.8,15.3
01-11-2021,כלל האוכלוסיה,83,59,530,1.6,6.6,17.1
02-11-2021,מתחת לגיל 60,56,77,465,1.5,9.8,15.6
02-11-2021,מעל גיל 60,14,3,10,1.1,2.9,8.1
02-11-2021,כלל האוכלוסיה,76,80,486,1.5,9,15.7
03-11-2021,מעל גיל 60,12,9,10,0.9,8.7,8.1
03-11-2021,מתחת לגיל 60,52,72,434,1.4,9.1,14.6
03-11-2021,כלל האוכלוסיה,64,81,449,1.2,9.1,14.5
04-11-2021,מתחת לגיל 60,52,46,363,1.4,5.9,12.2
04-11-2021,כלל האוכלוסיה,66,51,390,1.3,5.7,12.6
04-11-2021,מעל גיל 60,14,5,13,1.1,4.8,10.5
05-11-2021,מעל גיל 60,5,8,11,0.4,7.7,8.9
05-11-2021,מתחת לגיל 60,53,57,395,1.4,7.2,13.3
05-11-2021,כלל האוכלוסיה,58,65,412,1.1,7.3,13.3
06-11-2021,מעל גיל 60,5,1,3,0.4,1,2.4
06-11-2021,מתחת לגיל 60,21,19,143,0.5,2.4,4.8
06-11-2021,כלל האוכלוסיה,26,20,150,0.5,2.2,4.9
07-11-2021,כלל האוכלוסיה,59,62,367,1.1,7,11.9
07-11-2021,מתחת לגיל 60,52,56,360,1.4,7.1,12.1
07-11-2021,מעל גיל 60,7,6,6,0.5,5.8,4.9
08-11-2021,מעל גיל 60,14,6,12,1.1,5.8,9.8
08-11-2021,מתחת לגיל 60,47,66,404,1.2,8.4,13.6
08-11-2021,כלל האוכלוסיה,61,72,419,1.2,8.1,13.6
09-11-2021,מעל גיל 60,15,5,7,1.1,4.8,5.7
09-11-2021,כלל האוכלוסיה,39,61,367,0.8,6.9,11.9
09-11-2021,מתחת לגיל 60,24,56,354,0.6,7.2,11.9
10-11-2021,מעל גיל 60,9,2,8,0.7,1.9,6.6
10-11-2021,כלל האוכלוסיה,38,36,412,0.7,4.1,13.4
10-11-2021,מתחת לגיל 60,29,34,401,0.8,4.4,13.5
11-11-2021,מעל גיל 60,15,3,10,1.1,2.9,8.2
11-11-2021,כלל האוכלוסיה,48,44,291,0.9,5,9.4
11-11-2021,מתחת לגיל 60,33,41,277,0.9,5.3,9.4
12-11-2021,מעל גיל 60,17,5,9,1.3,4.8,7.4
12-11-2021,כלל האוכלוסיה,60,43,339,1.2,4.9,11
12-11-2021,מתחת לגיל 60,43,38,323,1.1,4.9,10.9
13-11-2021,כלל האוכלוסיה,32,22,166,0.6,2.5,5.4
13-11-2021,מעל גיל 60,7,0,7,0.5,0,5.8
13-11-2021,מתחת לגיל 60,25,22,159,0.6,2.8,5.4
14-11-2021,מעל גיל 60,7,1,6,0.5,1,5
14-11-2021,כלל האוכלוסיה,44,46,298,0.8,5.2,9.7
14-11-2021,מתחת לגיל 60,37,45,284,1,5.8,9.6
15-11-2021,מעל גיל 60,16,4,13,1.2,3.9,10.8
15-11-2021,מתחת לגיל 60,38,48,399,1,6.2,13.5
15-11-2021,כלל האוכלוסיה,54,53,416,1,6,13.5
16-11-2021,מעל גיל 60,11,6,10,0.8,5.8,8.3
16-11-2021,מתחת לגיל 60,45,62,414,1.2,8,14
16-11-2021,כלל האוכלוסיה,56,68,427,1.1,7.8,13.9
17-11-2021,מעל גיל 60,12,1,10,0.9,1,8.3
17-11-2021,כלל האוכלוסיה,55,51,375,1.1,5.8,12.2
17-11-2021,מתחת לגיל 60,43,50,338,1.1,6.5,11.4
18-11-2021,כלל האוכלוסיה,50,48,362,1,5.5,11.8
18-11-2021,מתחת לגיל 60,44,40,350,1.1,5.2,11.8
18-11-2021,מעל גיל 60,6,8,10,0.4,7.8,8.4
19-11-2021,מתחת לגיל 60,56,56,362,1.4,7.3,12.3
19-11-2021,כלל האוכלוסיה,71,60,371,1.4,6.9,12.1
19-11-2021,מעל גיל 60,15,4,7,1.1,3.9,5.9
20-11-2021,מתחת לגיל 60,23,26,171,0.6,3.4,5.8
20-11-2021,כלל האוכלוסיה,25,27,181,0.5,3.1,5.9
20-11-2021,מעל גיל 60,2,1,9,0.1,1,7.5
21-11-2021,מעל גיל 60,2,3,9,0.1,2.9,7.6
21-11-2021,מתחת לגיל 60,64,43,316,1.6,5.6,10.7
21-11-2021,כלל האוכלוסיה,66,47,329,1.3,5.4,10.7
22-11-2021,מעל גיל 60,10,6,10,0.7,5.9,8.4
22-11-2021,מתחת לגיל 60,69,65,548,1.8,8.5,18.6
22-11-2021,כלל האוכלוסיה,80,71,562,1.5,8.2,18.3
23-11-2021,מתחת לגיל 60,66,69,431,1.7,9,14.6
23-11-2021,כלל האוכלוסיה,77,76,445,1.5,8.8,14.5
23-11-2021,מעל גיל 60,11,7,9,0.8,6.8,7.6
24-11-2021,כלל האוכלוסיה,68,42,428,1.3,4.9,14
24-11-2021,מעל גיל 60,14,3,10,1,2.9,8.5
24-11-2021,מתחת לגיל 60,54,39,416,1.4,5.1,14.2
25-11-2021,כלל האוכלוסיה,75,51,401,1.4,5.9,13.2
25-11-2021,מעל גיל 60,11,4,2,0.8,3.9,1.7
25-11-2021,מתחת לגיל 60,64,46,394,1.6,6,13.5
26-11-2021,מעל גיל 60,11,5,15,0.8,4.9,12.7
26-11-2021,מתחת לגיל 60,65,52,381,1.7,6.8,13.1
26-11-2021,כלל האוכלוסיה,76,57,397,1.5,6.6,13.1
27-11-2021,מתחת לגיל 60,22,16,120,0.6,2.1,4.1
27-11-2021,מעל גיל 60,1,4,5,0.1,3.9,4.3
27-11-2021,כלל האוכלוסיה,23,20,125,0.4,2.3,4.1
28-11-2021,מתחת לגיל 60,79,52,375,2,6.8,12.9
28-11-2021,מעל גיל 60,7,1,3,0.5,1,2.6
28-11-2021,כלל האוכלוסיה,86,53,384,1.6,6.1,12.7
29-11-2021,כלל האוכלוסיה,64,55,367,1.2,6.4,12.2
29-11-2021,מתחת לגיל 60,57,49,360,1.5,6.5,12.4
29-11-2021,מעל גיל 60,7,6,6,0.5,5.9,5.1